"id","question","description","type","items","legend","variables"
"1","ANXIETY CONTROL QUESTIONNAIRE -  SC (ACQ)","Qui troverÃ  una serie di affermazioni che descrivono delle convinzioni. Per favore, legga ogni frase attentamente e risponda quanto ogni convinzione sia adatta a descriverLa.","0-5","[{""id"":1,""text"":""La mia capacit\u00e0 di affrontare le situazioni dipende dall'aiuto che ricevo"",""reversed"":true},{""id"":2,""text"":""Quando sono sotto stress, potrei perdere il controllo"",""reversed"":true},{""id"":3,""text"":""Se qualcosa mi intimorisce, non c'\u00e8 nulla che io possa fare"",""reversed"":true},{""id"":4,""text"":""Riesco a sfuggire a situazioni preoccupanti soltanto per caso o per fortuna"",""reversed"":true},{""id"":5,""text"":""Posso facilmente eliminare i pensieri ansiosi""},{""id"":6,""text"":""Sono in grado di controllare il mio livello di ansia""},{""id"":7,""text"":""C'\u00e8 poco che possa fare per modificare gli eventi che mi preoccupano"",""reversed"":true},{""id"":8,""text"":""Non c'\u00e8 alcun rapporto tra le mie azioni e la soluzione di una situazione difficile"",""reversed"":true},{""id"":9,""text"":""Quando qualcosa sta per danneggiarmi, quello che faccio avr\u00e0 poco effetto"",""reversed"":true},{""id"":10,""text"":""Di solito, posso rilassarmi quando voglio""},{""id"":11,""text"":""Quando sono sotto stress, non so come potrei reagire"",""reversed"":true},{""id"":12,""text"":""Molti eventi che mi danno ansia sono al di fuori del mio controllo"",""reversed"":true},{""id"":13,""text"":""Non mi preoccupa il fatto che potrei avere ansia in una situazione difficile, perch\u00e8 ho fiducia nella mia capacit\u00e0 di gestirei miei stati d'animo""},{""id"":14,""text"":""Di solito trovo difficile gestire le situazioni difficili"",""reversed"":true},{""id"":15,""text"":""Quando sono ansioso, trovo difficile concentrarmi su qualcosa che non sia l'ansia stessa"",""reversed"":true}]","[{""id"":1,""legend"":""FORTEMENTE NON D'ACCORDO""},{""id"":2,""legend"":""MODERATAMENTE NON D'ACCORDO""},{""id"":3,""legend"":""LEGGERMENTE NON D'ACCORDO""},{""id"":4,""legend"":""LEGGERMENTE D'ACCORDO""},{""id"":5,""legend"":""MODERATAMENTE D'ACCORDO""},{""id"":6,""legend"":""FORTEMENTE D'ACCORDO""}]","[{""id"":1,""name"":""Controllo Emotivo"",""items"":[5,6,10,13,15],""cutoffs"":[{""id"":1,""name"":""Controllo Emotivo"",""type"":""lesser-than"",""from"":8,""to"":0}],""sexScores"":false},{""id"":2,""name"":""Controllo della Minaccia"",""items"":[3,4,7,8,9,12],""cutoffs"":[{""id"":1,""name"":""Controllo della minaccia"",""type"":""lesser-than"",""from"":13,""to"":0}]},{""id"":3,""name"":""Controllo dei livelli di stress"",""items"":[1,2,11,14],""cutoffs"":[{""id"":1,""name"":""Controllo dei livelli di stress"",""type"":""lesser-than"",""from"":9,""to"":0}]}]"
"2","ANGER RUMINATION SCALE (ARS)","Tutti si arrabbiano e si sentono frustrati di tanto in tanto, ma le persone differiscono nel modo in cui esse pensano ai loro episodi di rabbia. Le affermazioni seguenti descrivono differenti modi in cui le persone richiamano alla mente o pensano alle loro esperienze di rabbia. Per favore, legga ciascuna affermazione e poi risponda indicando quanto per Lei Ã¨ frequente ciascuna affermazione. Non ci sono risposte giuste o sbagliate in questo questionario, ed Ã¨ molto importante le sue risposte siano piÃ¹ sincere possibile.","1-4","[{""id"":1,""text"":""Rumino sulle mia passate esperienze di rabbia"",""reversed"":false},{""id"":2,""text"":""Rifletto sulle ingiustizie che mi sono state fatte"",""reversed"":false},{""id"":3,""text"":""Continuo a pensare per lungo tempo alle situazioni che mi hanno fatto arrabbiare"",""reversed"":false},{""id"":4,""text"":""Penso a certi avvenimenti di tanto tempo fa e ancora mi fanno arrabbiare"",""reversed"":false},{""id"":5,""text"":""Ho difficolt\u00e0 a a perdonare le persone che mi hanno ferito"",""reversed"":false},{""id"":6,""text"":""Dopo che una discussione \u00e8 terminata, continuo a litigare con questa persona nella mia immaginazione"",""reversed"":false},{""id"":7,""text"":""I ricordi di essere stato innervosito affiorano nella mia mente prima di addormentarmi"",""reversed"":false},{""id"":8,""text"":""Ogni volta che provo rabbia, continuo a pensarci per un po'"",""reversed"":false},{""id"":9,""text"":""Mi sento arrabbiato riguardo a certe cose della mia vita"",""reversed"":false},{""id"":10,""text"":""Quando qualcuno mi provoca, continuo a domandarmi perch\u00e8 questo debba essere capitato a me"",""reversed"":false},{""id"":11,""text"":""I ricordi di seccature anche di poco conto mi disturbano per un po'"",""reversed"":false},{""id"":12,""text"":""Quando qualche cosa mi fa arrabbiare, ci torno sopra con la mente pi\u00f9 e pi\u00f9 volte"",""reversed"":false},{""id"":13,""text"":""Ricostruisco nella mia mente l'episodio di rabbia dopo che si \u00e8 verificato"",""reversed"":false}]","[{""id"":1,""legend"":""QUASI MAI""},{""id"":2,""legend"":""QUALCHE VOLTA""},{""id"":3,""legend"":""SPESSO""},{""id"":4,""legend"":""QUASI SEMPRE""}]","[{""id"":1,""name"":""Totale"",""items"":[1,2,3,4,5,6,7,8,9,10,11,12,13],""cutoffs"":[{""id"":1,""name"":""Ruminazione eccessiva con contenuti rabbiosi"",""type"":""greater-than"",""from"":24,""to"":0}]}]"
"3","ATTACHMENT STYLE QUESTIONNAIRE (ASQ)","Esprima il Suo grado di accordo con le seguenti affermazioni.","1-6","[{""id"":1,""text"":""Nel complesso sono una persona valida"",""reversed"":false},{""id"":2,""text"":""\u00c8 pi\u00f9 facile arrivare a conoscere me che la maggior parte delle altre persone"",""reversed"":false},{""id"":3,""text"":""Sono fiducioso che gli altri ci saranno quando avr\u00f2 bisogno di loro"",""reversed"":false},{""id"":4,""text"":""Preferisco dipendere da me stesso invece che dagli altri"",""reversed"":false},{""id"":5,""text"":""Prefresisco stare sulle mie"",""reversed"":false},{""id"":6,""text"":""Chiedere aiuto equivale ad ammettere di essere un fallimento"",""reversed"":false},{""id"":7,""text"":""Il valore di una persona andrebbe valutato in base ai suoi successi"",""reversed"":false},{""id"":8,""text"":""Raggiungere degli obiettivi \u00e8 pi\u00f9 importante che costruire delle relazioni"",""reversed"":false},{""id"":9,""text"":""Dare il massimo \u00e8 pi\u00f9 importante che andare d'accordo con gli atltri"",""reversed"":false},{""id"":10,""text"":""Se hai un lavoro da fare, non dovrebbe importanti di chi ne avr\u00e0 un danno"",""reversed"":false},{""id"":11,""text"":""Per me \u00e8 importante piacere agli altri"",""reversed"":false},{""id"":12,""text"":""Per me \u00e8 importante evitare di fare delle cose che agli altri non piacciono"",""reversed"":false},{""id"":13,""text"":""Trovo difficile prendere una decisione a meno che non sappia ci\u00f2 che pensano gli altri"",""reversed"":false},{""id"":14,""text"":""Le mie relazioni con gli altri sono solitamente superficiali"",""reversed"":false},{""id"":15,""text"":""A volte penso di non valere nulla"",""reversed"":false},{""id"":16,""text"":""Ho difficolt\u00e0 a fidarmi degli altri"",""reversed"":false},{""id"":17,""text"":""Ho difficolt\u00e0 a dipendere dagli altri"",""reversed"":false},{""id"":18,""text"":""Trovo che gli altri siano riluttanti ad entrare in confidenza quanto io vorrei"",""reversed"":false},{""id"":19,""text"":""Trovo relativamente facile entrare in confidenza con gli altri"",""reversed"":false},{""id"":36,""text"":""Mi fido facilmente degli altri"",""reversed"":true},{""id"":37,""text"":""Mi trovo a mio agio nel dipendere dagli altri"",""reversed"":true},{""id"":38,""text"":""Mi preoccupo che agli altri non importer\u00e0 di me quanto a me importa di loro"",""reversed"":false},{""id"":39,""text"":""Mi preoccupo quando la gente entra troppo in confidenza"",""reversed"":false},{""id"":40,""text"":""Mi preoccupo di non essere all\u2019altezza degli altri"",""reversed"":false},{""id"":20,""text"":""Ho sentimenti constrastanti circa l'essere in confidenza con gli altri"",""reversed"":false},{""id"":21,""text"":""Se da un lato voglio entrare in confidenza con gli altri, dall'altro mi sento a disagio"",""reversed"":false},{""id"":22,""text"":""Mi chiedo perch\u00e8 la gente voglia avere a che fare con me"",""reversed"":false},{""id"":23,""text"":""Per me \u00e8 veramente importante avere una relazioni stretta"",""reversed"":false},{""id"":24,""text"":""Mi preoccupo molto delle mie relazioni"",""reversed"":false},{""id"":25,""text"":""Mi chiedo come me la caverei senza qualcuno che mi ami"",""reversed"":false},{""id"":26,""text"":""Mi sento fiducioso nelle relazioni con gli altri"",""reversed"":false},{""id"":27,""text"":""Spesso mi sento lasciato in disparte o solo"",""reversed"":false},{""id"":28,""text"":""Spesso mi preoccupo di non riuscire ad entrare in sintonia con gli altri"",""reversed"":true},{""id"":29,""text"":""Gli altri hanno i loro problemi, per cui non li infastidisco con i miei"",""reversed"":false},{""id"":30,""text"":""Quando discuto dei miei problemi con gli altri, di solito mi vergogno o mi sento stupido"",""reversed"":false},{""id"":31,""text"":""Sono troppo impegnato in altre attivit\u00e0 per dedicare molto tempo alle relazioni"",""reversed"":false},{""id"":32,""text"":""Se qualcosa mi disturba, gli altri solitamente ne sono consapevoli e preoccupati"",""reversed"":false},{""id"":33,""text"":""Sono fiducioso di essere gradito e rispettato dagli altri"",""reversed"":false},{""id"":34,""text"":""Mi sento frustato quando gli altri non sono disponibili nel momento in cui ne ho bisogno"",""reversed"":false},{""id"":35,""text"":""Gli altri spesso mancano alle mie aspettative"",""reversed"":false}]","[{""id"":1,""legend"":""TOTALMENTE IN DISACCORDO""},{""id"":2,""legend"":""MOLTO IN DISACCORDO""},{""id"":3,""legend"":""ABBASTANZA IN DISACCORDO""},{""id"":4,""legend"":""ABBASTANZA D'ACCORDO""},{""id"":5,""legend"":""MOLTO D'ACCORDO""},{""id"":6,""legend"":""TOTALMENTE D'ACCORDO""}]","[{""id"":1,""name"":""Fiducia"",""items"":[1,2,3,19,26,28,32,33],""cutoffs"":[{""id"":1,""name"":""Bassa fiducia"",""type"":""lesser-than"",""from"":30,""to"":0},{""id"":2,""name"":""Fiducia elevata"",""type"":""greater-than"",""from"":38,""to"":0}]},{""id"":2,""name"":""Disagio nelle relazioni intime"",""items"":[4,5,16,17,36,37,39,20,21,29],""cutoffs"":[{""id"":1,""name"":""Assenza di disagio nelle relazioni intime"",""type"":""lesser-than"",""from"":23,""to"":0},{""id"":2,""name"":""Disagio nelle relazioni"",""type"":""greater-than"",""from"":46,""to"":0}]},{""id"":3,""name"":""Relazioni considerate come secondarie"",""items"":[6,7,8,9,10,14,31],""cutoffs"":[{""id"":1,""name"":""Relazioni considerate come importanti"",""type"":""lesser-than"",""from"":9,""to"":0},{""id"":2,""name"":""Scarsa importanza alle relazioni"",""type"":""greater-than"",""from"":20,""to"":0}]},{""id"":4,""name"":""Preoccupazioni riguardo alle relazioni intime"",""items"":[18,38,23,24,25,27,34,35],""cutoffs"":[{""id"":1,""name"":""Nessuna preoccupazione per le relazioni intime"",""type"":""lesser-than"",""from"":21,""to"":0},{""id"":2,""name"":""Preoccupazioni per le relazioni intime"",""type"":""greater-than"",""from"":32,""to"":0}]},{""id"":5,""name"":""Bisogno di approvazione"",""items"":[11,12,13,15,40,22,30],""cutoffs"":[{""id"":1,""name"":""Nessun bisogno di approvazione"",""type"":""lesser-than"",""from"":11,""to"":0},{""id"":2,""name"":""Bisogno di approvazione"",""type"":""greater-than"",""from"":36,""to"":0}]}]"
"4","BECK ANXIETY INVENTORY (BAI)","Di seguito troverÃ  una lista dei piÃ¹ comuni sintomi legati all'ansia. Per favore legga attentamente ogni frase e indichi quanto fastidio ciascun sintomo le ha causato nella scorsa settimana (incluso oggi).","0-3","[{""id"":1,""text"":""Intorpidimento o formicolio"",""reversed"":false},{""id"":2,""text"":""Vampate di calore"",""reversed"":false},{""id"":3,""text"":""Gambe vacillanti"",""reversed"":false},{""id"":4,""text"":""Incapacit\u00e0 a rilassarsi"",""reversed"":false},{""id"":5,""text"":""Paura che qualcosa di molto brutto possa accadere"",""reversed"":false},{""id"":6,""text"":""Vertigini o sensazione di stordimento"",""reversed"":false},{""id"":7,""text"":""Batticuore"",""reversed"":false},{""id"":8,""text"":""Umore instabile"",""reversed"":false},{""id"":9,""text"":""Essere terrorizzati"",""reversed"":false},{""id"":10,""text"":""Sentirsi Agitati"",""reversed"":false},{""id"":11,""text"":""Sensazione di Soffocamento"",""reversed"":false},{""id"":12,""text"":""Mani che tremano"",""reversed"":false},{""id"":13,""text"":""Agitazione in tutto il corpo"",""reversed"":false},{""id"":14,""text"":""Paura di perdere il controllo"",""reversed"":false},{""id"":15,""text"":""Respiro affannoso"",""reversed"":false},{""id"":16,""text"":""Paura di morire"",""reversed"":false},{""id"":17,""text"":""Sentirsi impauriti"",""reversed"":false},{""id"":18,""text"":""Dolori intestinali o di stomaco"",""reversed"":false},{""id"":19,""text"":""Sentirsi svenire"",""reversed"":false},{""id"":20,""text"":""Sentirsi arrossire"",""reversed"":false}]","[{""id"":1,""legend"":""Per niente""},{""id"":2,""legend"":""Un po', non mi ha infastidito molto""},{""id"":3,""legend"":""Abbastanza, era spiacevole ma potevo sopportarlo""},{""id"":4,""legend"":""Molto, potevo appena sopportarlo""}]","[{""id"":1,""name"":""Totale"",""items"":[1,2,3,4,5,6,7,8,9,10,11,12,13,14,15,16,17,18,19,20],""cutoffs"":[{""id"":1,""name"":""Sintomatologia ansiosa assente\/sottosoglia"",""type"":""range"",""from"":0,""to"":7},{""id"":2,""name"":""Ansia Lieve"",""type"":""range"",""from"":8,""to"":15},{""id"":3,""name"":""Ansia Moderata"",""type"":""range"",""from"":16,""to"":25},{""id"":4,""name"":""Ansia Grave"",""type"":""greater-than"",""from"":25,""to"":0}]}]"
"5","DIFFICULTIES IN EMOTION REGULATION SCALE (DERS)","Le verranno ora presentate delle affermazioni che riguardano alcuni aspetti del suo modo di vivere le emozioni e i sentimenti. Prendendo come riferimento gli ultimi mesi, segnali, per ciascuna, la frequenza con la quale l'affermazione si adatta alla sua condizione.","1-5","[{""id"":1,""text"":""Sono sereno riguardo ci\u00f2 che provo"",""reversed"":true},{""id"":2,""text"":""Presto attenzione a come mi sento"",""reversed"":true},{""id"":3,""text"":""Vivo le emozioni come travolgenti fuori dal controllo"",""reversed"":false},{""id"":4,""text"":""Non ho idea di come mi sento"",""reversed"":false},{""id"":5,""text"":""Ho difficolt\u00e0 a dare un senso a ci\u00f2 che provo"",""reversed"":false},{""id"":6,""text"":""Presto attenzioni alle mie emozioni"",""reversed"":true},{""id"":7,""text"":""So esattamente come mi sento"",""reversed"":true},{""id"":8,""text"":""Mi interessa come mi sento"",""reversed"":true},{""id"":9,""text"":""Sono confuso riguardo a ci\u00f2 che provo"",""reversed"":false},{""id"":10,""text"":""Quando sono turbato, riconosco le mie emozioni"",""reversed"":true},{""id"":11,""text"":""Quando sono turbato, mi arrabbio con me stesso perch\u00e9 mi sento in quel modo"",""reversed"":false},{""id"":12,""text"":""Quando sono turbato, mi imbarazza sentirmi in quel modo"",""reversed"":false},{""id"":13,""text"":""Quando sono turbato, ho difficolt\u00e0 a completare il mio lavoro"",""reversed"":false},{""id"":14,""text"":""Quando sono turbato, perdo il controllo"",""reversed"":false},{""id"":15,""text"":""Quando sono turbato, credo che rimarr\u00f2 in quello stato per molto tempo"",""reversed"":false},{""id"":16,""text"":""Quando sono turbato, credo che finir\u00f2 col sentirmi depresso"",""reversed"":false},{""id"":17,""text"":""Quando sono turbato, credo che i miei sentimenti siano validi e importanti"",""reversed"":true},{""id"":18,""text"":""Quando sono turbato, faccio fatica a focalizzarmi su altre cose"",""reversed"":false},{""id"":19,""text"":""Quando sono turbato, mi sento fuori controllo"",""reversed"":false},{""id"":20,""text"":""Quando sono turbato, posso comunque finire le cose che devo fare"",""reversed"":true},{""id"":21,""text"":""Quando sono turbato, mi vergogno di me stesso perch\u00e9 mi sento in quel modo"",""reversed"":false},{""id"":22,""text"":""Quando sono turbato, so che alla fine riesco a trovare un modo per sentirmi meglio"",""reversed"":true},{""id"":23,""text"":""Quando sono turbato, mi sento debole"",""reversed"":false},{""id"":24,""text"":""Quando sono turbato, sento di potere avere ancora il controllo dei miei comportamenti"",""reversed"":true},{""id"":25,""text"":""Quando sono turbato, mi sento in colpa perch\u00e9 mi sento in quel modo"",""reversed"":false},{""id"":26,""text"":""Quando sono turbato, ho delle difficolt\u00e0 a concentrarmi"",""reversed"":false},{""id"":27,""text"":""Quando sono turbato, ho delle difficolt\u00e0 a controllare i miei comportamenti"",""reversed"":false},{""id"":28,""text"":""Quando sono turbato, credo che non ci sia niente che possa fare per sentirmi meglio"",""reversed"":false},{""id"":29,""text"":""Quando sono turbato, mi irrito con me stesso perch\u00e9 mi sento in quel modo"",""reversed"":false},{""id"":30,""text"":""Quando sono turbato, inizio a sentirmi molto male con me stesso"",""reversed"":false},{""id"":31,""text"":""Quando sono turbato, credo che crogiolarmi in quello stato sia l'unica cosa che possa fare"",""reversed"":false},{""id"":32,""text"":""Quando sono turbato, perdo il controllo sui miei comportamenti"",""reversed"":false},{""id"":33,""text"":""Quando sono turbato, faccio fatica a pensare a qualcosa di diverso"",""reversed"":false},{""id"":34,""text"":""Quando sono turbato, mi prendo del tempo per riflettere su riflettere quello che sto provando veramente"",""reversed"":true},{""id"":35,""text"":""Quando sono turbato, mi ci vuole molto tempo per sentirmi meglio"",""reversed"":false},{""id"":36,""text"":""Quando sono turbato, sembra che le mie emozioni siano travolgenti"",""reversed"":false}]","[{""id"":1,""legend"":""MAI (0-10% delle volte)""},{""id"":2,""legend"":""QUALCHE VOLTA ( 11-35% delle volte)""},{""id"":3,""legend"":""CIRCA LA META' DELLE VOLTE(36-65% delle volte)""},{""id"":4,""legend"":""LA MAGGIOR PARTE DELLE VOLTE (66-90% delle volte)""},{""id"":5,""legend"":""SEMPRE (91-100% delle volte)""}]","[{""id"":1,""name"":""Punteggio Totale"",""items"":[1,2,3,4,5,6,7,8,9,10,11,12,13,14,15,16,17,18,19,20,21,22,23,24,25,26,27,28,29,30,31,32,33,34,35,36],""cutoffs"":[{""id"":1,""name"":""Assenza difficolt\u00e0 regolazione emotiva"",""type"":""range"",""from"":0,""to"":90},{""id"":2,""name"":""Moderata difficolt\u00e0 di regolazione emotiva"",""type"":""range"",""from"":90,""to"":105},{""id"":3,""name"":""Forte difficolt\u00e0 nella regolazione emotiva"",""type"":""greater-than"",""from"":105,""to"":0}]}]"
"6","EATING DISORDER INVENTORY - 3 (EDI-3)","Valuti la frequenza con la quale le capita di sperimentare le situazioni indicate nelle seguenti affermazioni, utilizzando la scala proposta.","EDI","[{""id"":1,""text"":""Mangio dolci e carboidrati senza sentirmi nervosa\/o."",""reversed"":true},{""id"":2,""text"":""Penso che la mia pancia sia troppo grossa."",""reversed"":false},{""id"":3,""text"":""Mangio quando sono turbata."",""reversed"":false},{""id"":4,""text"":""Mi rimpinzo di cibo."",""reversed"":false},{""id"":5,""text"":""Penso alla dieta."",""reversed"":false},{""id"":6,""text"":""Penso che le mie cosce siano troppo grosse."",""reversed"":false},{""id"":7,""text"":""Mi sento estremamente colpevole dopo aver mangiato eccessivamente."",""reversed"":false},{""id"":8,""text"":""Penso che la mia pancia sia proprio delle giuste dimensioni."",""reversed"":true},{""id"":9,""text"":""Sono terrorizzato\/a dall\u2019aumentare di peso."",""reversed"":false},{""id"":10,""text"":""Mi sento soddisfatto\/a della forma del mio corpo."",""reversed"":true},{""id"":11,""text"":""Esagero o ingigantisco l\u2019importanza del peso corporeo."",""reversed"":false},{""id"":12,""text"":""Ho fatto delle abbuffate durante le quali sentivo di non potermi fermare."",""reversed"":false},{""id"":13,""text"":""Mi piace la forma del mio sedere."",""reversed"":true},{""id"":14,""text"":""Mi tormenta il desiderio di essere pi\u00f9 magra\/o."",""reversed"":false},{""id"":15,""text"":""Penso alle abbuffate."",""reversed"":false},{""id"":16,""text"":""Penso che i miei fianchi siano troppo grossi."",""reversed"":false},{""id"":17,""text"":""Mangio moderatamente davanti agli altri e poi mi rimpinzo quando sono andati via."",""reversed"":false},{""id"":18,""text"":""Se aumento di mezzo chilo, ho paura che continuer\u00f2 ad aumentare."",""reversed"":false},{""id"":19,""text"":""Penso che provo a vomitare allo scopo di perdere peso."",""reversed"":false},{""id"":20,""text"":""Penso che le mie cosce siano proprio delle giuste dimensioni."",""reversed"":true},{""id"":21,""text"":""Penso di avere un sedere troppo grande."",""reversed"":false},{""id"":22,""text"":""Mangio e bevo di nascosto."",""reversed"":false},{""id"":23,""text"":""Penso che i miei fianchi siano proprio delle giuste dimensioni."",""reversed"":true}]","[{""id"":1,""legend"":""Mai""},{""id"":2,""legend"":""Raramente""},{""id"":3,""legend"":""Talvolta""},{""id"":4,""legend"":""Spesso""},{""id"":5,""legend"":""Di solito""},{""id"":6,""legend"":""Sempre""}]","[{""id"":1,""name"":""Tendenza a dimagrire"",""items"":[1,5,7,9,11,14,18],""cutoffs"":[{""id"":1,""name"":""Tendenza a dimagrire"",""type"":""greater-than"",""from"":5,""to"":0,""femFrom"":11}],""sexScores"":true},{""id"":2,""name"":""Bulimia"",""items"":[3,4,12,15,17,19,22],""cutoffs"":[{""id"":1,""name"":""Builimia"",""type"":""greater-than"",""from"":3,""to"":0,""femFrom"":8}],""sexScores"":true},{""id"":3,""name"":""Insoddisfazione corporea"",""items"":[2,6,8,10,13,16,20,21,23],""cutoffs"":[{""id"":1,""name"":""Insoddisfazione corporea"",""type"":""greater-than"",""from"":5,""to"":0,""femFrom"":15}],""sexScores"":true}]"
"7","INTOLERANCE OF UNCERTAINTY SCALE","Di seguito troverÃ  una serie di frasi che descrivono come le persone reagiscono di fronte a situazioni di incertezza che si presentano nella vita. Le chiediamo di selezionare la risposta che meglio descrive a quale livello si riconosce in ogni affermazione.","1-5","[{""id"":1,""text"":""L\u2019incertezza non mi permette di avere un\u2019opinione stabile su qualcosa"",""reversed"":false},{""id"":2,""text"":""Una persona indecisa \u00e8 una persona disorganizzata"",""reversed"":false},{""id"":3,""text"":""L\u2019incertezza rende la vita intollerabile"",""reversed"":false},{""id"":4,""text"":""Non \u00e8 giusto che nella vita non ci siano garanzie"",""reversed"":false},{""id"":5,""text"":""Non ho pensieri tranquilli se non so che cosa succeder\u00e0 domani"",""reversed"":false},{""id"":6,""text"":""L\u2019incertezza mi mette a disagio, mi rende ansioso\/a o stressato\/a"",""reversed"":false},{""id"":7,""text"":""Gli eventi imprevisti mi turbano fortemente"",""reversed"":false},{""id"":8,""text"":""Non avere tutte le informazioni di cui ho bisogno mi rende frustrato\/a"",""reversed"":false},{""id"":9,""text"":""Essere incerto\/a mi d\u00e0 la possibilit\u00e0 di prevedere le conseguenze prima che si verifichi un evento prepararmi"",""reversed"":false},{""id"":10,""text"":""Bisogna sempre prevedere gli eventi per evitare sorprese"",""reversed"":false},{""id"":11,""text"":""Un piccolo evento non previsto pu\u00f2 rovinare tutto, anche se tutto era stato pianificato al meglio"",""reversed"":false},{""id"":12,""text"":""Al momento di agire, l\u2019incertezza mi paralizza"",""reversed"":false},{""id"":13,""text"":""Se sono incerto\/a non agisco al meglio"",""reversed"":false},{""id"":14,""text"":""Se sono incerto\/a non riesco ad andare avanti"",""reversed"":false},{""id"":15,""text"":""Se sono incerto\/a non riesco a funzionare molto bene"",""reversed"":false},{""id"":16,""text"":""Al contrario di me, sembra che gli altri sappiano sempre a che punto sono nella loro vita"",""reversed"":false},{""id"":17,""text"":""L\u2019incertezza mi rende vulnerabile, infelice, o triste"",""reversed"":false},{""id"":18,""text"":""Voglio sempre sapere che cosa mi riserver\u00e0 il futuro"",""reversed"":false},{""id"":19,""text"":""Odio essere colto\/a di sorpresa"",""reversed"":false},{""id"":20,""text"":""Il pi\u00f9 piccolo dubbio blocca ogni mia azione"",""reversed"":false},{""id"":21,""text"":""Vorrei essere in grado di pianificare ogni cosa in anticipo"",""reversed"":false},{""id"":22,""text"":""Essere incerto\/a vuol dire che mi manca sicurezza"",""reversed"":false},{""id"":23,""text"":""Penso che non sia giusto che gli altri sembrino sicuri circa il loro futuro"",""reversed"":false},{""id"":24,""text"":""L\u2019incertezza non mi permette di dormire bene"",""reversed"":false},{""id"":25,""text"":""Mi devo allontanare da situazioni di incertezza"",""reversed"":false},{""id"":26,""text"":""Le situazioni ambigue mi stressano"",""reversed"":false},{""id"":27,""text"":""Non riesco a tollerare di essere indeciso\/a sul mio futuro"",""reversed"":false}]","[{""id"":1,""legend"":""Non mi riconosco mai""},{""id"":2,""legend"":""Mi riconosco raramente""},{""id"":3,""legend"":""Mi riconosco qualche volta""},{""id"":4,""legend"":""Mi riconosco molto spesso""},{""id"":5,""legend"":""Mi riconosco completamente""}]","[{""id"":1,""name"":""Totale"",""items"":[1,2,3,4,5,6,7,8,9,10,11,12,13,14,15,16,17,18,19,20,21,22,23,24,25,26,27],""cutoffs"":[{""id"":1,""name"":""Lieve tendenza a non tollerare l'incertezza"",""type"":""range"",""from"":65,""to"":80},{""id"":2,""name"":""Moderata tendenza a non tollerare l'incertezza"",""type"":""range"",""from"":81,""to"":108},{""id"":3,""name"":""Forte tendenza a non tollerare l'incertezza"",""type"":""greater-than"",""from"":108,""to"":0}]}]"
"8","LEVEL OF SELF-CRITICISM SCALE","Legga attentamente ogni affermazione e valuti quanto bene La descrive su una scala da 1 a 7 (0 = per niente e 7 = perfettamente)","1-7","[{""id"":1,""text"":""Quando fallisco divento molto irritabile"",""reversed"":false},{""id"":2,""text"":""Avverto un continuo senso di inferiorit\u00e0"",""reversed"":false},{""id"":3,""text"":""Mi sento molto frustrato quando non raggiungo gli obiettivi che ho stabilito per me stesso"",""reversed"":false},{""id"":4,""text"":""Sono solitamente a disagio in situazioni sociali nelle quali non so cosa aspettarmi"",""reversed"":false},{""id"":5,""text"":""Spesso mi arrabbio molto con me stesso quando fallisco"",""reversed"":false},{""id"":6,""text"":""Non trascorro molto tempo a preoccuparmi di quello che gli altri potrebbero pensare di me"",""reversed"":true},{""id"":7,""text"":""Quando fallisco divento molto turbato"",""reversed"":false},{""id"":8,""text"":""Se ti apri co gli altri riguardo alle tue debolezze \u00e8 probabile che continuino a rispettarti"",""reversed"":true},{""id"":9,""text"":""Il fallimento per me \u00e8 un'esperienza molto dolorosa"",""reversed"":false},{""id"":10,""text"":""Spesso temo che gli altri possano scoprire come sono realmente ed arrabbiarsi con me"",""reversed"":false},{""id"":11,""text"":""Non mi preoccupo troppo spesso della possibilit\u00e0 del fallimento"",""reversed"":true},{""id"":12,""text"":""Sono fiducioso del fatto che la maggior parte delle persone a cui tengo mi accetteranno per quello che sono"",""reversed"":true},{""id"":13,""text"":""Quando non riesco in qualcosa inizio a pensare al mio valore come persona"",""reversed"":false},{""id"":14,""text"":""Se dai agli altri il beneficio del dubbio probabilmente se ne approfitteranno"",""reversed"":false},{""id"":15,""text"":""Mi sento un fallimento quando non faccio le cose bene come vorrei"",""reversed"":false},{""id"":16,""text"":""Solitamente sono a mio agio con le persone che mi chiedono qualcosa su di me"",""reversed"":true},{""id"":17,""text"":""Se fallisco in un'area ci\u00f2 riflette quanto io sia scarso come persona"",""reversed"":false},{""id"":18,""text"":""Ho paura che se le persone arrivassero a conoscermi troppo bene potrebbero non rispettarmi"",""reversed"":false},{""id"":19,""text"":""Frequentemente paragono me stesso agli obiettivi e agli ideali che mi sono prefissato"",""reversed"":false},{""id"":20,""text"":""Raramente mi vergogno di me stesso"",""reversed"":true},{""id"":21,""text"":""Solitamente essere aperti ed onesti \u00e8 l\u2019unico modo per ottenere il rispetto degli altri"",""reversed"":true},{""id"":22,""text"":""Ci sono volte in cui \u00e8 necessario essere alquanto disonesti per ottenere quello che si vuole"",""reversed"":false}]","[{""id"":1,""legend"":""Per niente""},{""id"":2,""legend"":""Molto poco""},{""id"":3,""legend"":""Poco""},{""id"":4,""legend"":""Un po' e un po'""},{""id"":5,""legend"":""Abbastanza""},{""id"":6,""legend"":""Molto""},{""id"":7,""legend"":""Perfettamente""}]","[{""id"":1,""name"":""Critiche rivolte a s\u00e9 stesso"",""items"":[2,4,6,8,10,12,13,14,16,17,18,20,21,22],""cutoffs"":[{""id"":1,""name"":""Criticismo verso s\u00e9 stessi"",""type"":""greater-than"",""from"":42,""to"":0}]},{""id"":2,""name"":""Critiche rivolte a s\u00e9 stesso in relazione agli altri"",""items"":[1,3,5,7,15,9,11,19],""cutoffs"":[{""id"":1,""name"":""Criticismo verso s\u00e9 stessi in relazione agli altri"",""type"":""greater-than"",""from"":41,""to"":0}]}]"
"9","MULTIDIMENSIONAL PERFECTIONISM SCALE","Per favore, legga attentamente e poi riporti la risposta che si avvicina maggiormente a quello che lei pensa o sente.","1-5","[{""id"":1,""text"":""I miei genitori hanno\/avevano aspettative molto alte su di me"",""reversed"":false},{""id"":2,""text"":""L\u2019organizzazione \u00e8 molto importante per me"",""reversed"":false},{""id"":3,""text"":""Da bambina\/o venivo punito\/a se non facevo le cose"",""reversed"":false},{""id"":4,""text"":""Se non raggiungo il mio massimo livello, \u00e8 come se finissi per essere una persona di secondo ordine."",""reversed"":false},{""id"":5,""text"":""I miei genitori non hanno mai provato a capire i miei errori"",""reversed"":false},{""id"":6,""text"":""\u00c8 importante per me essere totalmente competente in ogni cosa che faccio."",""reversed"":false},{""id"":7,""text"":""Sono una persona ordinata"",""reversed"":false},{""id"":8,""text"":""Cerco di essere una persona organizzata"",""reversed"":false},{""id"":9,""text"":""Se non vado bene a scuola o non riesco nel lavoro, sono una persona fallita."",""reversed"":false},{""id"":10,""text"":""Se facessi un errore, ci rimarrei male."",""reversed"":false},{""id"":11,""text"":""I miei genitori desiderano\/avano che io fossi il\/la migliore in ogni cosa"",""reversed"":false},{""id"":12,""text"":""Mi pongo obiettivi pi\u00f9 alti della maggior parte delle persone."",""reversed"":false},{""id"":13,""text"":""Se qualcuno svolge un compito a scuola o al lavoro meglio di me mi sento come se avessi sbagliato completamente il mio compito."",""reversed"":false},{""id"":14,""text"":""Se faccio in parte male una cosa, mi sento a disagio come se l'avessi sbagliata del tutto."",""reversed"":false},{""id"":15,""text"":""Solo risultati eccezionali vengono\/venivano considerati sufficienti dalla mia famiglia"",""reversed"":false},{""id"":16,""text"":""Sono molto brava\/o a focalizzare i miei sforzi nel raggiungimento di un obiettivo."",""reversed"":false},{""id"":17,""text"":""Anche quando faccio qualcosa con molta attenzione, ho spesso la sensazione che non sia del tutto fatta bene"",""reversed"":false},{""id"":18,""text"":""Non sopporto di non essere il\/la migliore in ogni cosa."",""reversed"":false},{""id"":19,""text"":""Ho obiettivi estremamente elevati."",""reversed"":false},{""id"":20,""text"":""I miei genitori si aspettano\/avano l\u2019eccellenza da me"",""reversed"":false},{""id"":21,""text"":""Se facessi un errore, probabilmente gli altri penserebbero che io valgo meno."",""reversed"":false},{""id"":22,""text"":""Non ho mai sentito che avrei potuto soddisfare le aspettative dei miei genitori"",""reversed"":false},{""id"":23,""text"":""Se non faccio le cose bene come gli altri, allora vuol dire che sono inferiore agli altri."",""reversed"":false},{""id"":24,""text"":""Mi sembra che gli altri accettino per se stessi obiettivi pi\u00f9 bassi dei miei."",""reversed"":false},{""id"":25,""text"":""Se non facessi sempre tutto bene, gli altri non mi rispetterebbero."",""reversed"":false},{""id"":26,""text"":""I miei genitori hanno sempre avuto sul mio futuro aspettative pi\u00f9 elevate delle mie"",""reversed"":false},{""id"":27,""text"":""Cerco di essere una persona ordinata"",""reversed"":false},{""id"":28,""text"":""Di solito ho dei dubbi sulle cose semplici che faccio ogni giorno"",""reversed"":false},{""id"":29,""text"":""L\u2019ordine per me \u00e8 molto importante"",""reversed"":false},{""id"":30,""text"":""Nelle situazioni quotidiane pretendo da me stessa\/o risultati pi\u00f9 elevati rispetto alla maggior parte delle persone."",""reversed"":false},{""id"":31,""text"":""Sono una persona organizzata"",""reversed"":false},{""id"":32,""text"":""Tendo a rimanere indietro nel mio lavoro perch\u00e9 ripeto le cose molte, molte volte"",""reversed"":false},{""id"":33,""text"":""Impiego molto tempo per fare qualcosa nella maniera giusta"",""reversed"":false},{""id"":34,""text"":""Meno errori faccio, pi\u00f9 piacer\u00f2 agli altri."",""reversed"":false},{""id"":35,""text"":""Non ho mai sentito di poter raggiungere i livelli pretesi dai miei genitori"",""reversed"":false}]","[{""id"":1,""legend"":""Mai""},{""id"":2,""legend"":""Raramente""},{""id"":3,""legend"":""Qualche volta""},{""id"":4,""legend"":""Spesso""},{""id"":5,""legend"":""Sempre""}]","[{""id"":1,""name"":""Obiettivi personali"",""items"":[4,6,12,16,19,24,30],""cutoffs"":[{""id"":1,""name"":""Perfezionismo negli obiettivi personali"",""type"":""greater-than"",""from"":28,""to"":0}]},{""id"":2,""name"":""Timore degli errori"",""items"":[9,10,13,14,18,21,23,25,34],""cutoffs"":[{""id"":1,""name"":""Timore di poter compiere errori"",""type"":""greater-than"",""from"":22,""to"":0}]},{""id"":3,""name"":""Critiche genitoriali"",""items"":[3,5,22,35],""cutoffs"":[{""id"":1,""name"":""Critiche subite dai genitori"",""type"":""greater-than"",""from"":13,""to"":0}]},{""id"":4,""name"":""Aspettative genitoriali"",""items"":[1,11,15,20,26],""cutoffs"":[{""id"":1,""name"":""Aspettative da parte dei genitori avvertite su di s\u00e8"",""type"":""greater-than"",""from"":18,""to"":0}]},{""id"":5,""name"":""Dubbi sulle azioni"",""items"":[17,28,32,33],""cutoffs"":[{""id"":1,""name"":""Presenza di dubbi sulle proprie azioni"",""type"":""greater-than"",""from"":11,""to"":0}]},{""id"":6,""name"":""Organizzazione"",""items"":[2,7,8,27,29,31],""cutoffs"":[{""id"":1,""name"":""Eccessiva attenzione verso l'organizzazione"",""type"":""greater-than"",""from"":27,""to"":0}]}]"
"10","METACOGNITION QUESTIONNAIRE  30 ( MCQ-30)","Questo questionario riguarda le credenze che le persone hanno circa i loro pensieri. Di seguito troverÃ  una serie di credenze che gli individui solitamente esprimono. Legga attentamente ogni affermazione e indichi quanto in generale si trova d'accordo con essa, non esistono risposte giuste o sbagliate.","1-4","[{""id"":1,""text"":""Preoccuparmi aiuta a evitare problemi in futuro."",""reversed"":false},{""id"":2,""text"":""Preoccuparsi troppo \u00e8 dannoso."",""reversed"":false},{""id"":3,""text"":""Mi soffermo molto sui miei pensieri."",""reversed"":false},{""id"":4,""text"":""Rischio di ammalarmi perch\u00e9 mi preoccupo troppo."",""reversed"":false},{""id"":5,""text"":""Sono consapevole di come lavora la mia mente quando rifletto su un problema."",""reversed"":false},{""id"":6,""text"":""Se ho un pensiero negativo sul futuro, non faccio nulla per evitarlo e questo pensiero si realizza, mi attribuisco la colpa."",""reversed"":false},{""id"":7,""text"":""Ho bisogno di preoccuparmi per organizzarmi."",""reversed"":false},{""id"":8,""text"":""Ho poca fiducia nella mia capacit\u00e0 di ricordare parole e nomi."",""reversed"":false},{""id"":9,""text"":""I miei pensieri negativi rimangono anche se cerco di liberarmene."",""reversed"":false},{""id"":10,""text"":""Preoccuparmi \u00e8 utile per trovare soluzioni."",""reversed"":false},{""id"":11,""text"":""Non posso ignorare le mie preoccupazioni."",""reversed"":false},{""id"":12,""text"":""Controllo attentamente i miei pensieri."",""reversed"":false},{""id"":13,""text"":""Devo avere sempre il controllo dei miei pensieri."",""reversed"":false},{""id"":14,""text"":""Talvolta la mia memoria mi inganna."",""reversed"":false},{""id"":15,""text"":""Preoccuparsi pu\u00f2 farmi diventare pazzo."",""reversed"":false},{""id"":16,""text"":""Sono sempre attento a cosa sto pensando."",""reversed"":false},{""id"":17,""text"":""Ho poca memoria."",""reversed"":false},{""id"":18,""text"":""Dedico molta attenzione al modo in cui la mia mente lavora."",""reversed"":false},{""id"":19,""text"":""Preoccuparmi aiuta ad affrontare le difficolt\u00e0."",""reversed"":false},{""id"":20,""text"":""Non riuscire a controllare i propri pensieri \u00e8 segno di debolezza."",""reversed"":false},{""id"":21,""text"":""Quando comincio a preoccuparmi di qualcosa non riesco pi\u00f9 a smettere."",""reversed"":false},{""id"":22,""text"":""Verr\u00f2 punito se non riuscire a eliminare certi pensieri."",""reversed"":false},{""id"":23,""text"":""Preoccuparmi aiuta a risolvere i problemi."",""reversed"":false},{""id"":24,""text"":""Non ho molta fiducia nella mia capacit\u00e0 di ricordare luoghi."",""reversed"":false},{""id"":25,""text"":""\u00c8 male avere certi pensieri."",""reversed"":false},{""id"":26,""text"":""Non ho fiducia nella mia memoria."",""reversed"":false},{""id"":27,""text"":""Se non controllo i pensieri, non riesco a controllare il mio comportamento"",""reversed"":false},{""id"":28,""text"":""Ho bisogno di preoccuparmi per lavorare meglio."",""reversed"":false},{""id"":29,""text"":""Ho poca fiducia nella mia capacit\u00e0 di ricordare cosa ho fatto."",""reversed"":false},{""id"":30,""text"":""Rifletto per capire come mai ho certi pensieri."",""reversed"":false}]","[{""id"":1,""legend"":""Non sono d'accordo""},{""id"":2,""legend"":""Sono d'accordo in parte""},{""id"":3,""legend"":""Sono abbastanza d'accordo""},{""id"":4,""legend"":""Sono completamente d'accordo""}]","[{""id"":1,""name"":""Vantaggi del pensiero rimuginativo"",""items"":[1,7,10,19,23,28],""cutoffs"":[{""id"":1,""name"":""Credenze sui vantaggi del pensiero rimuginativo"",""type"":""greater-than"",""from"":12,""to"":0}]},{""id"":2,""name"":""Minaccia e incontrollabilit\u00e0 del pensiero rimuginativo"",""items"":[2,4,9,11,15,21],""cutoffs"":[{""id"":1,""name"":""Credenze di minaccia e incontrollabilit\u00e0 del pensiero rimuginativo"",""type"":""greater-than"",""from"":13,""to"":0}]},{""id"":3,""name"":""Capacit\u00e0 di gestione dei pensieri"",""items"":[8,14,17,24,26,29],""cutoffs"":[{""id"":1,""name"":""Bassa fiducia nella propria capacit\u00e0 di gestione dei pensieri"",""type"":""greater-than"",""from"":13,""to"":0}]},{""id"":4,""name"":""Controllo dei pensieri"",""items"":[6,13,20,22,25,27],""cutoffs"":[{""id"":1,""name"":""Bisogno di controllare i pensieri"",""type"":""greater-than"",""from"":10,""to"":0}]},{""id"":5,""name"":""Monitoraggio dei pensieri"",""items"":[3,5,12,16,18,30],""cutoffs"":[{""id"":1,""name"":""Tendenza a monitorare i propri pensieri"",""type"":""greater-than"",""from"":15,""to"":0}]},{""id"":6,""name"":""Totale"",""items"":[1,2,3,4,5,6,7,8,9,10,11,12,13,14,15,16,17,18,19,20,21,22,23,24,25,26,27,28,29,30],""cutoffs"":[{""id"":1,""name"":""Sopra soglia"",""type"":""greater-than"",""from"":61,""to"":0}]}]"
"11","OUTCOME QUESTIONNAIRE 45","Pensando all'ultima settimana, oggi compreso, ci aiuti a comprendere come si  sentito. Legga attentamente ciascuna asserzione e selezioni la categoria che meglio descrive la sua situazione corrente. Ai fini di questo questionario per lavoro si intende un impiego, la frequenza scolastica, i lavori domestici, il volontariato.","0-4","[{""id"":1,""text"":""Vado d\u2019accordo con gli altri."",""reversed"":true},{""id"":2,""text"":""Mi stanco subito."",""reversed"":false},{""id"":3,""text"":""Nulla mi interessa."",""reversed"":false},{""id"":4,""text"":""Mi sento stressata\/o sul lavoro o a scuola."",""reversed"":false},{""id"":5,""text"":""Mi do la colpa di quello che succede."",""reversed"":false},{""id"":6,""text"":""Sono irritata\/o."",""reversed"":false},{""id"":7,""text"":""Sono scontenta\/o del mio matrimonio o rapporto di coppia. (se non ha rapporti scelga MAI)."",""reversed"":false},{""id"":8,""text"":""Ho pensato di farla finita."",""reversed"":false},{""id"":9,""text"":""Mi sento debole."",""reversed"":false},{""id"":10,""text"":""Sono impaurita\/o."",""reversed"":false},{""id"":11,""text"":""Quando bevo troppo, la mattina dopo devo bermi un bicchiere solo per mettermi in moto. (se non beve scelga MAI)"",""reversed"":false},{""id"":12,""text"":""Sono soddisfatta\/o del lavoro o della scuola."",""reversed"":true},{""id"":13,""text"":""Sono felice."",""reversed"":true},{""id"":14,""text"":""Lavoro o studio troppo."",""reversed"":false},{""id"":15,""text"":""Non valgo nulla."",""reversed"":false},{""id"":16,""text"":""La mia famiglia mi d\u00e0 preoccupazione."",""reversed"":false},{""id"":17,""text"":""Ho una vita sessuale insoddisfacente."",""reversed"":false},{""id"":18,""text"":""Mi sento sola\/o."",""reversed"":false},{""id"":19,""text"":""Litigo spesso."",""reversed"":false},{""id"":20,""text"":""Sono amata\/o e ben accolta\/o."",""reversed"":true},{""id"":21,""text"":""Mi godo il tempo libero."",""reversed"":true},{""id"":22,""text"":""Faccio fatica a concentrarmi."",""reversed"":false},{""id"":23,""text"":""Non nutro speranze per il futuro."",""reversed"":false},{""id"":24,""text"":""Mi piaccio."",""reversed"":true},{""id"":25,""text"":""Non riesco a scacciare i pensieri che mi turbano."",""reversed"":false},{""id"":26,""text"":""Sono stufo della gente che mi critica perch\u00e9 bevo o prendo droghe (se non applicabile scelga MAI)."",""reversed"":false},{""id"":27,""text"":""Digerisco male."",""reversed"":false},{""id"":28,""text"":""Non lavoro o studio come ero abituato prima."",""reversed"":false},{""id"":29,""text"":""Ho il cuore in gola."",""reversed"":false},{""id"":30,""text"":""Faccio fatica ad andare d'accordo con amici e conoscenti."",""reversed"":false},{""id"":31,""text"":""Sono contenta della vita."",""reversed"":true},{""id"":32,""text"":""Sono finito nei guai a scuola o sul lavoro perch\u00e9 bevo (o prendo droghe). (se non \u00e8 applicabile scelga MAI)."",""reversed"":false},{""id"":33,""text"":""Sta per succedermi qualcosa di brutto."",""reversed"":false},{""id"":34,""text"":""Mi fanno male i muscoli."",""reversed"":false},{""id"":35,""text"":""Ho paura degli spazi aperti, di guidare, di andare in autobus, in metropolitana, etc."",""reversed"":false},{""id"":36,""text"":""Sono nervoso."",""reversed"":false},{""id"":37,""text"":""I miei rapporti amorosi sono del tutto soddisfacenti."",""reversed"":true},{""id"":38,""text"":""Non mi pare di fare bene a scuola o sul lavoro."",""reversed"":false},{""id"":39,""text"":""Sono troppo in disaccordo sul lavoro o a scuola."",""reversed"":false},{""id"":40,""text"":""C'\u00e8 qualcosa di sbagliato con la mia testa."",""reversed"":false},{""id"":41,""text"":""Faccio fatica ad addormentarmi o a restare addormentato."",""reversed"":false},{""id"":42,""text"":""Sono triste."",""reversed"":false},{""id"":43,""text"":""Sono soddisfatto dei miei rapporti con gli altri."",""reversed"":true},{""id"":44,""text"":""Sono cos\u00ec furioso a scuola o sul lavoro da commettere atti irreparabili."",""reversed"":false},{""id"":45,""text"":""Ho mal di testa."",""reversed"":false}]","[{""id"":1,""legend"":""Mai""},{""id"":2,""legend"":""Raramente""},{""id"":3,""legend"":""A volte""},{""id"":4,""legend"":""Spesso""},{""id"":5,""legend"":""Quasi sempre""}]","[{""id"":1,""name"":""Funzionamento psicosociale globale"",""items"":[1,2,3,4,5,6,7,8,9,10,11,12,13,14,15,16,17,18,19,20,21,22,23,24,25,26,27,28,29,30,31,32,33,34,35,36,37,38,39,40,41,42,43,44,45],""cutoffs"":[{""id"":1,""name"":""Valore clinico"",""type"":""greater-than"",""from"":64,""to"":0}]},{""id"":2,""name"":""Sintomi"",""items"":[2,3,5,6,8,9,10,11,13,15,22,23,24,25,27,29,31,33,34,35,36,40,41,42,45],""cutoffs"":[{""id"":1,""name"":""Sintomi che influiscono sul funzionamento globale"",""type"":""greater-than"",""from"":36,""to"":0}]},{""id"":3,""name"":""Relazioni interpersonali"",""items"":[7,16,17,18,19,20,26,30,37,43],""cutoffs"":[{""id"":1,""name"":""Difficolt\u00e0 nelle relazioni interpersonali che compromettono il funzionamento globale"",""type"":""greater-than"",""from"":15,""to"":0}]},{""id"":4,""name"":""Ruolo sociale"",""items"":[4,12,14,21,28,32,38,39,44],""cutoffs"":[{""id"":1,""name"":""Compromissione della definizione di s\u00e9 nel funzionamento sociale"",""type"":""greater-than"",""from"":12,""to"":0}]}]"
"12","PADUA INVENTORY  WUREV","Valuti il grado con cui ogni frase si avvicina alla sua condizione.","0-4","[{""id"":1,""text"":""Mi pare che le mie mani siano sporche quando tocco il denaro."",""reversed"":false},{""id"":2,""text"":""Penso che anche il contatto pi\u00f9 leggero con secrezioni corporee (saliva, urina, fiato, ecc.) possa contaminare i miei vestiti e farmi del male."",""reversed"":false},{""id"":3,""text"":""Trovo difficile toccare un oggetto quando so che \u00e8 stato toccato da uno straniero o da particolari persone."",""reversed"":false},{""id"":4,""text"":""Trovo difficile toccare dei rifiuti o oggetti sporchi."",""reversed"":false},{""id"":5,""text"":""Evito di usare i bagni pubblici perch\u00e9 temo le malattie o la contaminazione."",""reversed"":false},{""id"":6,""text"":""Evito di usare telefoni pubblici perch\u00e9 temo il contagio o le malattie."",""reversed"":false},{""id"":7,""text"":""Lavo le mani pi\u00f9 spesso e pi\u00f9 a lungo del necessario."",""reversed"":false},{""id"":8,""text"":""Qualche volta mi devo lavare o pulire semplicemente perch\u00e9 penso che potrei essere sporco o \u201ccontaminato\u201d."",""reversed"":false},{""id"":9,""text"":""Quando tocco qualcosa che penso che sia \u201ccontaminato\u201d devo immediatamente lavarmi o pulirmi."",""reversed"":false},{""id"":10,""text"":""Se un animale mi tocca, mi sento sporco e devo immediatamente lavarmi o cambiare i vestiti."",""reversed"":false},{""id"":11,""text"":""Mi sento costretto a seguire un particolare ordine quando mi vesto, mi svesto e mi lavo."",""reversed"":false},{""id"":12,""text"":""Prima di andare a dormire, devo pensare a determinate cose in un certo ordine."",""reversed"":false},{""id"":13,""text"":""Prima di entrare nel letto, devo appendere o mettere in ordine i miei vestiti in un modo particolare."",""reversed"":false},{""id"":14,""text"":""Devo fare le stesse cose pi\u00f9 volte prima di pensare che siano fatte correttamente."",""reversed"":false},{""id"":15,""text"":""Tendo a continuare a controllare le cose pi\u00f9 del necessario."",""reversed"":false},{""id"":16,""text"":""Controllo e ricontrollo i rubinetti\/interruttori del gas, dell\u2019acqua e della luce dopo averli chiusi."",""reversed"":false},{""id"":17,""text"":""Torno a casa a controllare porte, finestre, armadi, ecc. per assicurarmi che siano chiusi correttamente."",""reversed"":false},{""id"":18,""text"":""Continuo a controllare dettagliatamente schede, documenti, assegni, ecc. per essere sicuro di averli compilati correttamente."",""reversed"":false},{""id"":19,""text"":""Continuo ad andare a controllare che fiammiferi, sigarette, ecc. siano spenti."",""reversed"":false},{""id"":20,""text"":""Quando maneggio denaro lo conto e riconto pi\u00f9 volte."",""reversed"":false},{""id"":21,""text"":""Controllo pi\u00f9 volte e attentamente le lettere prima di inviarle."",""reversed"":false},{""id"":22,""text"":""A volte non sono sicuro di aver fatto certe cose, quando in realt\u00e0 so di averle fatte."",""reversed"":false},{""id"":23,""text"":""Quando leggo, ho l\u2019impressione di aver saltato qualcosa di importante e devo tornare indietro e rileggermi il passaggio almeno due o tre volte."",""reversed"":false},{""id"":24,""text"":""Mi immagino conseguenze catastrofiche come risultato di momenti di distrazione e piccoli errori che commetto."",""reversed"":false},{""id"":25,""text"":""Penso o rimugino a lungo riguardo l'aver fatto male a qualcuno senza saperlo."",""reversed"":false},{""id"":26,""text"":""Quando sento parlare di un disastro, penso che in qualche modo sia colpa mia."",""reversed"":false},{""id"":27,""text"":""Qualche volta mi preoccupo a lungo e senza alcuna ragione di essermi fatto del male o di avere una malattia."",""reversed"":false},{""id"":28,""text"":""Divento agitato e preoccupato alla vista di coltelli, pugnali, e altri oggetti appuntiti."",""reversed"":false},{""id"":29,""text"":""Quando sento parlare di un suicidio o di un crimine mi agito per un lungo periodo e trovo difficile smettere di pensarci."",""reversed"":false},{""id"":30,""text"":""Mi invento inutili preoccupazioni riguardanti germi e malattie."",""reversed"":false},{""id"":31,""text"":""Quando guardo in basso da un ponte o una finestra molto elevata sento l\u2019impulso di lanciarmi nel vuoto."",""reversed"":false},{""id"":32,""text"":""Quando vedo arrivare un treno a volte penso che potrei gettarmi sotto le ruote."",""reversed"":false},{""id"":33,""text"":""In certi momenti mi viene la tentazione di spogliarmi in pubblico."",""reversed"":false},{""id"":34,""text"":""Mentre guido, a volte sento l\u2019impulso di dirigere l\u2019auto contro qualcuno o qualcosa."",""reversed"":false},{""id"":35,""text"":""Vedere delle armi mi eccita e mi fa venire in mente pensieri violenti."",""reversed"":false},{""id"":36,""text"":""A volte sento il bisogno di rompere o danneggiare oggetti senza alcuna ragione."",""reversed"":false},{""id"":37,""text"":""A volte ho l\u2019impulso di rubare le cose degli altri perfino se non mi sono di alcuna utilit\u00e0."",""reversed"":false},{""id"":38,""text"":""A volte provo una tentazione quasi irresistibile di rubare qualcosa al supermercato."",""reversed"":false},{""id"":39,""text"":""A volte ho l\u2019impulso di far del male a bambini e animali indifesi."",""reversed"":false}]","[{""id"":1,""legend"":""Per niente""},{""id"":2,""legend"":""Poco""},{""id"":3,""legend"":""Abbastanza""},{""id"":4,""legend"":""Molto""},{""id"":5,""legend"":""Moltissimo""}]","[{""id"":1,""name"":""Totale"",""items"":[1,2,3,4,5,6,7,8,9,10,11,12,13,14,15,16,17,18,19,20,21,22,23,24,25,26,27,28,29,30,31,32,33,34,35,36,37,38,39],""cutoffs"":[{""id"":1,""name"":""Assenza di sintomi Ossessivo Compulsivi"",""type"":""range"",""from"":0,""to"":38},{""id"":2,""name"":""Presenza di sintomi Ossessivo Compulsivi"",""type"":""range"",""from"":39,""to"":54},{""id"":3,""name"":""Sintomi Ossessivo Compulsivi moderati"",""type"":""range"",""from"":55,""to"":72},{""id"":4,""name"":""Sintomi Ossessivo Compulsivi gravi"",""type"":""greater-than"",""from"":72,""to"":0}]}]"
"13","PENN STATE WORRY QUESTIONNAIRE","Indichi, per ciascuna affermazione riportata, quanto questa sia tipica o caratteristica del suo modo di vivere gli eventi preoccupanti.","1-5","[{""id"":1,""text"":""Se non ho tempo di fare tutto, non me ne preoccupo"",""reversed"":true},{""id"":2,""text"":""Le mie preoccupazioni mi opprimono"",""reversed"":false},{""id"":3,""text"":""Non tendo a preoccuparmi delle cose"",""reversed"":true},{""id"":4,""text"":""Molte situazioni mi preoccupano"",""reversed"":false},{""id"":5,""text"":""So che non dovrei preoccuparmi delle cose, ma non posso proprio farci niente"",""reversed"":false},{""id"":6,""text"":""Quando sono sotto pressione, mi preoccupo parecchio"",""reversed"":false},{""id"":7,""text"":""Sono sempre preoccupato per qualcosa"",""reversed"":false},{""id"":8,""text"":""Riesco facilmente ad allontanare le preoccupazioni dalla testa"",""reversed"":true},{""id"":9,""text"":""Non appena ho terminato un compito, incomincio a preoccuparmi per tutte le altre cose che ho da fare"",""reversed"":false},{""id"":10,""text"":""Non mi preoccupo mai di alcunch\u00e9"",""reversed"":true},{""id"":11,""text"":""Quando non posso fare pi\u00f9 nulla per risolvere un problema, smetto di preoccuparmi"",""reversed"":true},{""id"":12,""text"":""Per tutta la vita sono stata\/o una persona preoccupata"",""reversed"":false},{""id"":13,""text"":""Mi rendo conto che mi sto preoccupando per le cose"",""reversed"":false},{""id"":14,""text"":""Una volta che ho iniziato a preoccuparmi, non riesco a smettere"",""reversed"":false},{""id"":15,""text"":""Sono continuamente preoccupato\/a"",""reversed"":false},{""id"":16,""text"":""Mi preoccupo dei progetti finch\u00e9 non sono completamente realizzati"",""reversed"":false}]","[{""id"":1,""legend"":""Per niente tipica""},{""id"":2,""legend"":""Poco tipica""},{""id"":3,""legend"":""Abbastanza tipica""},{""id"":4,""legend"":""Discretamente tipica""},{""id"":5,""legend"":""Molto tipica""}]","[{""id"":1,""name"":""Totale"",""items"":[1,2,3,4,5,6,7,8,9,10,11,12,13,14,15,16],""cutoffs"":[{""id"":1,""name"":""Assenza di tendenza al pensiero rimuginativo"",""type"":""range"",""from"":0,""to"":55},{""id"":2,""name"":""Moderata tendenza al rimuginio"",""type"":""range"",""from"":56,""to"":66},{""id"":3,""name"":""Forte tendenza al rimuginio"",""type"":""greater-than"",""from"":66,""to"":0}]}]"
"14","PERCEIVED STRESS SCALE","Le frasi che troverÃ  di seguito indicano una serie di pensieri ed emozioni che potrebbe aver provato nell'ultimo mese. Indichi quale frequenza ritiene piÃ¹ adeguata. Nell'ultimo mese:","0-4","[{""id"":1,""text"":""Eventi inaspettati mi hanno sconvolto"",""reversed"":false},{""id"":2,""text"":""Non sono stato capace di controllare cose importanti verificatesi durante il corso della giornata"",""reversed"":false},{""id"":3,""text"":""Mi sono sentito particolarmente nervoso e \u201cstressato\u201d"",""reversed"":false},{""id"":4,""text"":""Sono stato capace di gestire un problema"",""reversed"":true},{""id"":5,""text"":""Sapevo di fare la cosa giusta"",""reversed"":true},{""id"":6,""text"":""Sapevo quale era la strategia giusta da attuare"",""reversed"":false},{""id"":7,""text"":""Ero in grado di controllare la mia irritabilit\u00e0"",""reversed"":true},{""id"":8,""text"":""Mi controllavo in tutte le situazioni"",""reversed"":true},{""id"":9,""text"":""Mi sono arrabbiato perch\u00e9 non riuscivo a controllare le cose"",""reversed"":false},{""id"":10,""text"":""Mi sono sentito in difficolt\u00e0 nell\u2019affrontare cose difficili"",""reversed"":false}]","[{""id"":1,""legend"":""Mai""},{""id"":2,""legend"":""Raramente""},{""id"":3,""legend"":""Qualche volta""},{""id"":4,""legend"":""Spesso""},{""id"":5,""legend"":""Sempre""}]","[{""id"":1,""name"":""Totale"",""items"":[1,2,3,4,5,6,7,8,9,10],""cutoffs"":[{""id"":1,""name"":""Valore patologico di stress percepito"",""type"":""greater-than"",""from"":22,""to"":0}]}]"
"15","RESPONSABILITY ATTITUDE SCALE","Di seguito verranno elencati alcuni atteggiamenti o convinzioni. Siete pregati di leggerli con attenzione e indicare la frase che meglio descrive il vostro pensiero abituale.","1-7","[{""id"":1,""text"":""Spesso mi sento responsabile delle cose che vanno male."",""reversed"":false},{""id"":2,""text"":""Se non agisco quando credo di essere in pericolo, mi biasimo per tutte le conseguenze che potrebbero verificarsi."",""reversed"":false},{""id"":3,""text"":""Sono cos\u00ec sensibile che mi sento responsabile delle cose che vanno male."",""reversed"":false},{""id"":4,""text"":""Se penso cose cattive \u00e8 un male come se facessi cose cattive."",""reversed"":false},{""id"":5,""text"":""Mi preoccupo molto delle conseguenze di ci\u00f2 che faccio o non faccio."",""reversed"":false},{""id"":6,""text"":""Secondo me non agire per prevenire un disastro \u00e8 un male come causare il disastro stesso."",""reversed"":false},{""id"":7,""text"":""Se so che \u00e8 possibile che si verifichi un danno cerco sempre di prevenirlo, per quanto impossibile possa sembrare."",""reversed"":false},{""id"":8,""text"":""Devo sempre pensare alle conseguenze delle azioni, anche le pi\u00f9 piccole."",""reversed"":false},{""id"":9,""text"":""Spesso mi prendo la responsabilit\u00e0 di colpe che gli altri non mi attribuiscono."",""reversed"":false},{""id"":10,""text"":""Ogni cosa che faccio pu\u00f2 causare gravi problemi."",""reversed"":false},{""id"":11,""text"":""Sono spesso vicino a chi fa danni."",""reversed"":false},{""id"":12,""text"":""Devo proteggere gli altri dai torti."",""reversed"":false},{""id"":13,""text"":""Non devo mai fare agli altri neanche il pi\u00f9 piccolo torto."",""reversed"":false},{""id"":14,""text"":""Verr\u00f2 condannato per le mie azioni."",""reversed"":false},{""id"":15,""text"":""Se posso avere anche una minima influenza sulle cose che vanno male, allora devo agire per prevenirle."",""reversed"":false},{""id"":16,""text"":""Secondo me non agire quando vi \u00e8 la minima possibilit\u00e0 che un disastro avvenga \u00e8 male come causare il disastro stesso."",""reversed"":false},{""id"":17,""text"":""Per me, anche una minima trascuratezza \u00e8 imperdonabile quando pu\u00f2 danneggiare gli altri."",""reversed"":false},{""id"":18,""text"":""In ogni tipo di situazione quotidiana la mia inerzia pu\u00f2 causare tanti danni come una deliberata cattiva azione."",""reversed"":false},{""id"":19,""text"":""Anche se il danno \u00e8 davvero l\u2019unica possibilit\u00e0 cerco sempre di evitarlo a tutti i costi."",""reversed"":false},{""id"":20,""text"":""Quando credo di aver procurato un danno non posso perdonarmelo."",""reversed"":false},{""id"":21,""text"":""Molte delle mie azioni passate hanno avuto lo scopo di prevenire danni verso gli altri."",""reversed"":false},{""id"":22,""text"":""Devo essere sicuro che gli altri siano protetti da tutte le conseguenze delle cose che faccio."",""reversed"":false},{""id"":23,""text"":""Gli altri non devono fidarsi del mio giudizio."",""reversed"":false},{""id"":24,""text"":""Se non posso essere infallibile sono degno di rimprovero, sento che devo essere rimproverato."",""reversed"":false},{""id"":25,""text"":""Se sto sufficientemente attento posso prevenire qualche incidente dannoso."",""reversed"":false},{""id"":26,""text"":""Spesso penso che accadranno cose negative se non star\u00f2 abbastanza attento."",""reversed"":false}]","[{""id"":1,""legend"":""Totale disaccordo""},{""id"":2,""legend"":""Molto disaccordo""},{""id"":3,""legend"":""Poco disaccordo""},{""id"":4,""legend"":""Neutrale""},{""id"":5,""legend"":""Poco accordo""},{""id"":6,""legend"":""Molto accordo""},{""id"":7,""legend"":""Totale accordo""}]","[{""id"":1,""name"":""Totale"",""items"":[1,2,3,4,5,6,7,8,9,10,11,12,13,14,15,16,17,18,19,20,21,22,23,24,25,26],""cutoffs"":[{""id"":1,""name"":""Assenza di tendenza alla responsabilit\u00e0 patologica"",""type"":""range"",""from"":0,""to"":99},{""id"":2,""name"":""Moderata tendenza alla responsabilit\u00e0 patologica"",""type"":""range"",""from"":100,""to"":120},{""id"":3,""name"":""Forte tendenza alla responsabilit\u00e0 patologica"",""type"":""greater-than"",""from"":120,""to"":0}]}]"
"16","RUMINATIVE RESPONSE SCALE","Quando si sentono tristi, le persone pensano e fanno diverse cose. Legga attentamente ogni affermazione e selezioni l'opzione che meglio indica quanto spesso le capita di avere quel pensiero o di fare quella cosa quando si sente giÃ¹, triste o depresso. Risponda indicando ciÃ² che fa e NON ciÃ² che dovrebbe fare secondo il suo parere. Non esistono risposte giuste o sbagliate.","1-4","[{""id"":1,""text"":""Pensi a quanto ti senti solo"",""reversed"":false},{""id"":2,""text"":""Pensi: \u201cNon riuscir\u00f2 a fare il mio lavoro se non mi libero di questo malessere\u201d."",""reversed"":false},{""id"":3,""text"":""Pensi al tuo dolore e alle tue sensazioni di stanchezza e malessere."",""reversed"":false},{""id"":4,""text"":""Pensi a quanto sia difficile concentrarsi."",""reversed"":false},{""id"":5,""text"":""Pensi \u201ccosa ho fatto per meritarmi questo?\u201d"",""reversed"":false},{""id"":6,""text"":""Pensi a quanto ti senti passivo e privo di motivazione."",""reversed"":false},{""id"":7,""text"":""Analizzi gli eventi recenti per provare a capire perch\u00e9 sei depresso."",""reversed"":false},{""id"":8,""text"":""Pensi al fatto che non ti sembra di sentire pi\u00f9 niente."",""reversed"":false},{""id"":9,""text"":""Pensi: \u201cPerch\u00e9 non riesco a mettermi in moto?\u201d"",""reversed"":false},{""id"":10,""text"":""Pensi: \u201cPerch\u00e9 reagisco sempre in questo modo?\u201d"",""reversed"":false},{""id"":11,""text"":""Vai via solo\/a e pensi al perch\u00e9 ti senti in questo modo."",""reversed"":false},{""id"":12,""text"":""Scrivi cosa stai pensando e lo analizzi."",""reversed"":false},{""id"":13,""text"":""Pensi a una situazione recente, desiderando che fosse andata meglio."",""reversed"":false},{""id"":14,""text"":""Pensi: \u201cnon riuscir\u00f2 a concentrarmi se continuo a sentirmi in questo modo\u201d."",""reversed"":false},{""id"":15,""text"":""Pensi: \u201cperch\u00e9 io ho problemi che le altre persone non hanno?\u201d."",""reversed"":false},{""id"":16,""text"":""Pensi \u201cperch\u00e9 non riesco a gestire meglio ci\u00f2 che mi accade?\u201d."",""reversed"":false},{""id"":17,""text"":""Pensi a quanto ti senti triste."",""reversed"":false},{""id"":18,""text"":""Pensi a tutte le tue manchevolezze, difetti, colpe ed errori."",""reversed"":false},{""id"":19,""text"":""Pensi al fatto che non ti senti pi\u00f9 di fare nulla."",""reversed"":false},{""id"":20,""text"":""Analizzi la tua personalit\u00e0 per cercare di capire perch\u00e9 sei depresso\/a."",""reversed"":false},{""id"":21,""text"":""Girovaghi solo in qualche posto per pensare alle tue emozioni."",""reversed"":false},{""id"":22,""text"":""Pensi a quanto sei arrabbiato con te stesso\/a."",""reversed"":false}]","[{""id"":1,""legend"":""Quasi mai""},{""id"":2,""legend"":""Qualche volta""},{""id"":3,""legend"":""Spesso""},{""id"":4,""legend"":""Quasi sempre""}]","[{""id"":1,""name"":""Totale"",""items"":[1,2,3,4,5,6,7,8,9,10,11,12,13,14,15,16,17,18,19,20,21,22],""cutoffs"":[{""id"":1,""name"":""Ruminazione eccessiva"",""type"":""greater-than"",""from"":52,""to"":0}]}]"
"17","BECK DEPRESSION INVENTORY (BDI)","Per favore, legga attentamente le affermazioni seguenti e, per ogni gruppo, scelga quella che piÃ¹ si avvicina alla sua condizione tenendo come riferimento il periodo delle ultime due settimane compresa la giornata di oggi.","MUL","[{""id"":1,""text"":"""",""hasMultipleAnswers"":true,""multipleAnswers"":[{""id"":1,""customAnswer"":""Non mi sento triste"",""points"":0},{""id"":2,""customAnswer"":""Mi sento triste per la maggior parte del tempo"",""points"":1},{""id"":3,""customAnswer"":""Mi sento sempre triste"",""points"":2},{""id"":4,""customAnswer"":""Mi sento cos\u00ec triste o infelice da non poterlo sopportare"",""points"":3}]},{""id"":2,""text"":"""",""hasMultipleAnswers"":true,""multipleAnswers"":[{""id"":1,""customAnswer"":""Non mi sento scoraggiato\/a riguardo al mio futuro"",""points"":0},{""id"":2,""customAnswer"":""Mi sento pi\u00f9 scoraggiato\/a riguardo al mio futuro rispetto al solito"",""points"":1},{""id"":3,""customAnswer"":""Non mi aspetto nulla di buono per me"",""points"":2},{""id"":4,""customAnswer"":""Sento che il futuro \u00e8 senza speranza e che continuer\u00e0 a peggiorare"",""points"":3}]},{""id"":3,""text"":"""",""hasMultipleAnswers"":true,""multipleAnswers"":[{""id"":1,""customAnswer"":""Non mi sento un\/a fallito\/a"",""points"":0},{""id"":2,""customAnswer"":""Ho fallito pi\u00f9 di quanto avrei dovuto"",""points"":1},{""id"":3,""customAnswer"":""Se guardo indietro alla mia vita non vedo altro che una serie di fallimenti"",""points"":2},{""id"":4,""customAnswer"":""Mi sento un completo fallimento come persona"",""points"":3}]},{""id"":4,""text"":"""",""hasMultipleAnswers"":true,""multipleAnswers"":[{""id"":1,""customAnswer"":""Traggo soddisfazione o piacere dalle cose come al solito"",""points"":0},{""id"":2,""customAnswer"":""Traggo meno soddisfazione o piacere dalle cose rispetto al passato"",""points"":1},{""id"":3,""customAnswer"":""Non traggo soddisfazione o piacere alcuno dalle cose"",""points"":2},{""id"":4,""customAnswer"":""Sono insoddisfatto\/a o annoiato\/a da tutto"",""points"":3}]},{""id"":5,""text"":"""",""hasMultipleAnswers"":true,""multipleAnswers"":[{""id"":1,""customAnswer"":""Non mi sento particolarmente in colpa"",""points"":0},{""id"":2,""customAnswer"":""Mi sento in colpa per molte cose che ho fatto o che avrei dovuto fare"",""points"":1},{""id"":3,""customAnswer"":""Mi sento molto spesso in colpa"",""points"":2},{""id"":4,""customAnswer"":""Mi sento sempre in colpa"",""points"":3}]},{""id"":6,""text"":"""",""hasMultipleAnswers"":true,""multipleAnswers"":[{""id"":1,""customAnswer"":""Non sento come se stessi subendo una punizione"",""points"":0},{""id"":2,""customAnswer"":""Sento che potrei essere punito"",""points"":1},{""id"":3,""customAnswer"":""Mi aspetto di ricevere una punizione"",""points"":2},{""id"":4,""customAnswer"":""Sento come se stessi subendo una punizione"",""points"":3}]},{""id"":7,""text"":"""",""hasMultipleAnswers"":true,""multipleAnswers"":[{""id"":1,""customAnswer"":""Considero me stesso come ho sempre fatto"",""points"":0},{""id"":2,""customAnswer"":""Credo meno in me stesso"",""points"":1},{""id"":3,""customAnswer"":""Sono deluso di me stesso"",""points"":2},{""id"":4,""customAnswer"":""Mi detesto"",""points"":3}]},{""id"":8,""text"":"""",""hasMultipleAnswers"":true,""multipleAnswers"":[{""id"":1,""customAnswer"":""Non sento di essere peggiore di qualsiasi altra persona"",""points"":0},{""id"":2,""customAnswer"":""Mi critico pi\u00f9 spesso del solito"",""points"":1},{""id"":3,""customAnswer"":""Mi critico per tutte le mie colpe"",""points"":2},{""id"":4,""customAnswer"":""Mi rimprovero per qualunque cosa negativa mi accada"",""points"":3}]},{""id"":9,""text"":"""",""hasMultipleAnswers"":true,""multipleAnswers"":[{""id"":1,""customAnswer"":""Non ho pensieri suicidi"",""points"":0},{""id"":2,""customAnswer"":""Ho pensieri suicidi ma non li realizzerei"",""points"":1},{""id"":3,""customAnswer"":""Sento che starei meglio se morissi"",""points"":2},{""id"":4,""customAnswer"":""Se mi si presentasse l'occasione, non esiterei ad uccidermi"",""points"":3}]},{""id"":10,""text"":"""",""hasMultipleAnswers"":true,""multipleAnswers"":[{""id"":1,""customAnswer"":""Non piango pi\u00f9 del solito"",""points"":0},{""id"":2,""customAnswer"":""Piango pi\u00f9 di quanto facessi prima"",""points"":1},{""id"":3,""customAnswer"":""Piango per ogni minima cosa"",""points"":2},{""id"":4,""customAnswer"":""Ho spesso voglia di piangere ma non ci riesco"",""points"":3}]},{""id"":11,""text"":"""",""hasMultipleAnswers"":true,""multipleAnswers"":[{""id"":1,""customAnswer"":""Non mi sento pi\u00f9 agitato o teso del solito"",""points"":0},{""id"":2,""customAnswer"":""Mi sento pi\u00f9 agitato o teso del solito"",""points"":1},{""id"":3,""customAnswer"":""Sono cos\u00ec nervoso o agitato al punto che mi \u00e8 difficile rimanere fermo"",""points"":2},{""id"":4,""customAnswer"":""Sono cos\u00ec nervoso o agitato che devo continuare a muovermi o fare qualcosa"",""points"":3}]},{""id"":12,""text"":"""",""hasMultipleAnswers"":true,""multipleAnswers"":[{""id"":1,""customAnswer"":""Non ho perso interesse verso le altre persone o verso le attivit\u00e0"",""points"":0},{""id"":2,""customAnswer"":""Sono meno interessato agli altri o alle cose rispetto a prima"",""points"":1},{""id"":3,""customAnswer"":""Ho perso la maggior parte dell'interesse verso le altre persone o cose"",""points"":2},{""id"":4,""customAnswer"":""Mi risulta difficile interessarmi a qualsiasi cosa"",""points"":3}]},{""id"":13,""text"":"""",""hasMultipleAnswers"":true,""multipleAnswers"":[{""id"":1,""customAnswer"":""Prendo decisioni quasi come al solito"",""points"":0},{""id"":2,""customAnswer"":""Trovo pi\u00f9 difficolt\u00e0 del solito nel prendere decisioni"",""points"":1},{""id"":3,""customAnswer"":""Ho molte pi\u00f9 difficolt\u00e0 nel prendere decisioni rispetto al solito"",""points"":2},{""id"":4,""customAnswer"":""Non riesco a prendere nessuna decisione"",""points"":3}]},{""id"":14,""text"":"""",""hasMultipleAnswers"":true,""multipleAnswers"":[{""id"":1,""customAnswer"":""Non mi sento di avere un aspetto peggiore del solito"",""points"":0},{""id"":2,""customAnswer"":""Temo di avere un aspetto invecchiato o non attraente"",""points"":1},{""id"":3,""customAnswer"":""Temo che ci siano stati cambiamenti definitivi nel mio aspetto che mi rendono non attraente"",""points"":2},{""id"":4,""customAnswer"":""Ho la sensazione di essere brutto\/a"",""points"":3}]},{""id"":15,""text"":"""",""hasMultipleAnswers"":true,""multipleAnswers"":[{""id"":1,""customAnswer"":""Riesco a lavorare quasi altrettanto bene che nel passato"",""points"":0},{""id"":2,""customAnswer"":""Devo fare uno sforzo in pi\u00f9 per cominciare a fare qualcosa"",""points"":1},{""id"":3,""customAnswer"":""Mi devo scuotere con forza per fare qualsiasi cosa"",""points"":2},{""id"":4,""customAnswer"":""Non riesco a lavorare per niente"",""points"":3}]},{""id"":16,""text"":"""",""hasMultipleAnswers"":true,""multipleAnswers"":[{""id"":1,""customAnswer"":""Dormo bene come al solito"",""points"":0},{""id"":2,""customAnswer"":""Non riesco a dormire bene come in passato"",""points"":1},{""id"":3,""customAnswer"":""Rispetto al passato, mi sveglio 1-2 ore prima e non riesco a riaddormentarmi"",""points"":2},{""id"":4,""customAnswer"":""Rispetto al passato, mi sveglio parecchie ore prima e non riesco pi\u00f9 ad addormentarmi"",""points"":3}]},{""id"":17,""text"":"""",""hasMultipleAnswers"":true,""multipleAnswers"":[{""id"":1,""customAnswer"":""Non mi stanco pi\u00f9 del solito"",""points"":0},{""id"":2,""customAnswer"":""Mi stanco pi\u00f9 facilmente di un tempo"",""points"":1},{""id"":3,""customAnswer"":""Mi stanco facendo qualsiasi cosa"",""points"":2},{""id"":4,""customAnswer"":""Sono troppo stanco\/a per fare alcunch\u00e9"",""points"":3}]},{""id"":18,""text"":"""",""hasMultipleAnswers"":true,""multipleAnswers"":[{""id"":1,""customAnswer"":""Il mio appetito non \u00e8 peggiorato"",""points"":0},{""id"":2,""customAnswer"":""Il mio appetito non \u00e8 pi\u00f9 cos\u00ec buono come una volta"",""points"":1},{""id"":3,""customAnswer"":""Ora ho molto meno appetito"",""points"":2},{""id"":4,""customAnswer"":""Non ho pi\u00f9 appetito"",""points"":3}]},{""id"":19,""text"":"""",""hasMultipleAnswers"":true,""multipleAnswers"":[{""id"":1,""customAnswer"":""Non ho perso molto peso ultimamente"",""points"":0},{""id"":2,""customAnswer"":""Ho perso pi\u00f9 di 2kg"",""points"":1},{""id"":3,""customAnswer"":""Ho perso pi\u00f9 di 4kg"",""points"":2},{""id"":4,""customAnswer"":""Ho perso pi\u00f9 di 6kg"",""points"":3}]},{""id"":20,""text"":"""",""hasMultipleAnswers"":true,""multipleAnswers"":[{""id"":1,""customAnswer"":""Non sono pi\u00f9 preoccupato della mia salute rispetto al solito"",""points"":0},{""id"":2,""customAnswer"":""Sono preoccupato\/a per problemi fisici come malori, dolori, problemi di stomaco o costipazioni"",""points"":1},{""id"":3,""customAnswer"":""Mi preoccupo totalmente di come mi sento che mi \u00e8 difficile pensare ad altre cose"",""points"":2},{""id"":4,""customAnswer"":""Sono talmente preoccupato\/a per problemi fisici che non riesco a pensare ad altro"",""points"":3}]},{""id"":21,""text"":"""",""hasMultipleAnswers"":true,""multipleAnswers"":[{""id"":1,""customAnswer"":""Non ho notato cambiamenti nel mio interesse per il sesso"",""points"":0},{""id"":2,""customAnswer"":""Ho meno interesse nel sesso rispetto a prima"",""points"":1},{""id"":3,""customAnswer"":""Ora sono molto meno interessato al sesso"",""points"":2},{""id"":4,""customAnswer"":""Ho perso tutto l'interesse nel sesso"",""points"":3}]}]","null","[{""id"":1,""name"":""Punteggio Totale"",""items"":[1,2,3,4,5,6,7,8,9,10,11,12,13,14,15,16,17,18,19,20,21],""cutoffs"":[{""id"":1,""name"":""Range di normalit\u00e0"",""type"":""lesser-than"",""from"":10,""to"":0},{""id"":2,""name"":""Lievi sintomi depressivi"",""type"":""range"",""from"":11,""to"":16},{""id"":3,""name"":""Sintomi depressivi clinicamente non invalidanti"",""type"":""range"",""from"":17,""to"":20},{""id"":4,""name"":""Depressione moderata"",""type"":""range"",""from"":21,""to"":30},{""id"":5,""name"":""Depressione severa"",""type"":""range"",""from"":31,""to"":40},{""id"":6,""name"":""Depressione estrema"",""type"":""greater-than"",""from"":41,""to"":0}]}]"
